City,Country,Latitude,Longitude,Date,Max Temp,Humidity,Cloudiness,Wind_Speed
dana point,us,32.74659552052188,-118.12176074211564,1519855080,62.0,62.0,1.0,10.0
vao,nc,-27.088291724892805,165.23242206581722,1519857751,1.0,92.0,20.0,5.0
busselton,au,-58.212700986308185,86.78242973298455,1519857760,62.0,100.0,0.0,11.0
hirara,jp,21.14441539974051,128.5414178278993,1519857748,69.0,100.0,0.0,19.0
qaqortoq,gl,63.92365283474689,-43.05719190499491,1519854600,46.0,39.0,8.0,4.0
lebu,cl,-29.737053208396617,-91.47597280637669,1519857793,54.0,60.0,64.0,2.0
vardo,no,87.53121275381989,38.768852359297995,1519857300,64.0,47.0,1.0,10.0
longyearbyen,sj,85.71059674170002,14.257706004665152,1519857978,-4.0,66.0,0.0,3.0
yumen,cn,38.167440144687106,95.49021265580427,1519857877,33.0,77.0,48.0,15.0
vaini,to,-54.20555059066761,-175.00917756260225,1519857777,59.0,57.0,0.0,4.0
rikitea,pf,-43.51176861998835,-122.80121687268675,1519857783,81.0,98.0,92.0,13.0
port alfred,za,-85.3649084632011,39.07163808213767,1519857659,69.0,92.0,92.0,4.0
mogadishu,so,-1.3989478559261386,50.02854073084893,1519857959,79.0,100.0,0.0,18.0
ushuaia,ar,-82.13120209142878,-24.96216801692367,1519855200,53.0,76.0,20.0,13.0
morant bay,jm,17.93890326677308,-76.59311909578398,1519857807,77.0,99.0,80.0,7.0
carnarvon,au,-28.1549028266135,85.7828031068143,1519857981,60.0,39.0,0.0,3.0
hermanus,za,-72.73764755332778,-0.4898969103600166,1519857779,49.0,96.0,0.0,2.0
putina,pe,-15.474346686273776,-69.75263241762656,1519857981,40.0,86.0,80.0,2.0
twentynine palms,us,34.567422178107066,-116.14777035306312,1519854960,69.0,21.0,1.0,1.0
matlock,gb,53.17114787239697,-1.7082791511769244,1519856400,23.0,92.0,75.0,14.0
thrissur,in,10.582031552579295,76.36340652662761,1519857983,76.0,69.0,0.0,9.0
santa rosalia,mx,27.413082939422424,-111.77024577912283,1519857984,46.0,93.0,20.0,8.0
rawson,ar,-48.88745995217721,-56.21573575134998,1519857985,78.0,22.0,0.0,10.0
bredasdorp,za,-54.82546509091166,19.69741603704705,1519857985,62.0,100.0,64.0,1.0
keti bandar,pk,20.37285932580218,64.56842017446215,1519857985,75.0,95.0,56.0,9.0
blagoyevo,ru,63.82225004848223,48.107077111839175,1519857986,12.0,79.0,80.0,7.0
ciudad bolivar,ve,7.240680203242178,-63.36673703988997,1519857987,88.0,41.0,68.0,11.0
nanortalik,gl,51.11965920827561,-41.36817425679797,1519857821,33.0,96.0,32.0,31.0
roma,au,-25.825066354733664,146.1767881506546,1519857788,24.0,92.0,92.0,3.0
mar del plata,ar,-53.51168094042643,-39.35261817357167,1519857804,72.0,33.0,0.0,19.0
roebourne,au,-24.27443235195777,118.8075327121291,1519857990,80.0,72.0,32.0,4.0
punta arenas,cl,-82.07426672997374,-112.75403510053727,1519857991,47.0,99.0,76.0,28.0
upernavik,gl,87.67253710631849,-42.6171534326304,1519857923,13.0,92.0,76.0,4.0
severo-kurilsk,ru,46.48546962951389,155.4447241531155,1519857992,27.0,100.0,64.0,28.0
shihezi,cn,43.46488898830759,85.66264751878032,1519857993,24.0,84.0,92.0,3.0
atuona,pf,2.9437759539653996,-147.12416038908208,1519857770,81.0,100.0,8.0,17.0
qaanaaq,gl,81.4162057057807,-74.21197447477464,1519857993,15.0,84.0,80.0,10.0
cape town,za,-50.98466203925939,0.33884714420858586,1519857725,63.0,93.0,48.0,10.0
hithadhoo,mv,-10.2043616555858,79.5125196391117,1519857994,84.0,100.0,92.0,7.0
ribeira grande,pt,38.91651286195858,-29.78439420801331,1519857995,56.0,100.0,92.0,11.0
matagami,ca,52.76015456440186,-77.09826458959029,1519857996,69.0,33.0,0.0,6.0
albany,au,-61.934454353123854,119.69979680352014,1519854840,57.0,30.0,75.0,10.0
mahina,pf,-16.704752307494843,-149.38396437296717,1519857997,80.0,42.0,0.0,8.0
conde,br,-13.03533941387927,-35.98019591755357,1519857997,80.0,84.0,92.0,9.0
kelso,gb,55.63396161231404,-2.3552295649289476,1519856100,44.0,81.0,90.0,17.0
hobart,au,-82.563622549657,135.03514222069123,1519857940,59.0,75.0,36.0,5.0
mazyr,by,51.944084309476295,28.943172041415266,1519857999,8.0,79.0,76.0,14.0
bluff,nz,-68.98260919281836,172.56892009869682,1519857789,81.0,82.0,44.0,7.0
mataura,pf,-37.79808803847805,-155.55721135083837,1519857771,69.0,82.0,92.0,4.0
chernyy yar,ru,47.93936970936829,45.808925898494266,1519857000,8.0,84.0,75.0,8.0
vagur,fo,60.292932989473485,-7.646472048116692,1519858000,36.0,100.0,44.0,15.0
bandarbeyla,so,9.81383535683122,53.4885569666846,1519858001,76.0,100.0,0.0,4.0
zhigansk,ru,70.80499632848762,121.08918575715956,1519858002,-23.0,70.0,24.0,3.0
tasiilaq,gl,61.78192304725047,-37.13915861756038,1519854600,23.0,49.0,20.0,1.0
castro,cl,-49.33572009178007,-86.60183421903612,1519858003,59.0,96.0,92.0,2.0
saint george,bm,37.916288798647656,-62.04610670538034,1519858004,25.0,66.0,0.0,1.0
dikson,ru,84.39750687911231,76.77433650907454,1519857784,1.0,88.0,56.0,12.0
lompoc,us,28.440180900356125,-128.8071398122484,1519857300,60.0,79.0,1.0,14.0
jamestown,sh,-27.040999003559826,-10.121744607221387,1519857771,65.0,56.0,56.0,11.0
sao joao da barra,br,-23.866495137194974,-36.01978650481115,1519858006,80.0,98.0,68.0,17.0
chubbuck,us,43.221999905867534,-113.11387366164712,1519854780,33.0,37.0,1.0,8.0
college,us,76.15462349171975,-145.42260224184093,1519856280,3.0,64.0,75.0,8.0
saint-augustin,ca,54.45245660422606,-60.88991695093664,1519858007,44.0,96.0,92.0,11.0
natal,br,-2.8844944262204137,-27.221011733312224,1519857861,77.0,95.0,64.0,8.0
burayevo,ru,56.142107219635335,55.52660569119996,1519858008,-14.0,45.0,0.0,2.0
faanui,pf,-1.9383573804027776,-159.43740564092678,1519858008,82.0,99.0,32.0,12.0
avarua,ck,-23.57909699744735,-157.1590331731291,1519857717,80.0,100.0,0.0,6.0
mahibadhoo,mv,4.555206438267021,68.17602385515875,1519858010,81.0,100.0,56.0,13.0
marsaxlokk,mt,34.70520855776975,16.54931395333574,1519858010,59.0,96.0,0.0,18.0
arman,ru,55.89546643949953,147.7779435049984,1519857000,-14.0,75.0,36.0,4.0
weligama,lk,4.701885161652001,80.15838854340626,1519858012,76.0,100.0,0.0,6.0
puerto ayora,ec,-25.087510189141454,-103.33403701676367,1519857776,79.0,100.0,68.0,4.0
vila velha,br,-23.03378379918435,-30.281906414338806,1519858012,80.0,100.0,80.0,8.0
obidos,br,-1.8679522980158225,-55.38529468236939,1519858013,55.0,98.0,92.0,19.0
paracatu,br,-17.449019440932304,-46.66450713981234,1519858014,73.0,87.0,0.0,2.0
yerbogachen,ru,64.82995524883745,107.83871411876538,1519857900,-19.0,81.0,32.0,2.0
leningradskiy,ru,82.54432068644454,177.94067801505082,1519858015,7.0,93.0,68.0,26.0
calafell,es,40.85730953847548,1.6361972739812245,1519858015,42.0,100.0,92.0,3.0
fortuna,us,39.723058884006036,-134.00528966931336,1519858016,55.0,57.0,76.0,6.0
nelson bay,au,-36.75810804677573,160.29305751011293,1519858017,75.0,100.0,0.0,22.0
haines junction,ca,57.110772914493936,-143.24263761890828,1519858017,4.0,68.0,68.0,6.0
sokoni,tz,-6.7258508500932805,39.80468134789385,1519858018,64.0,100.0,92.0,4.0
pacureti,ro,45.16719060734198,26.155811822029165,1519858018,3.0,74.0,32.0,2.0
victoria,sc,-8.032809717892121,55.38952084657865,1519857855,81.0,100.0,32.0,4.0
klaksvik,fo,78.1749683765646,-4.413196458040659,1519856400,30.0,80.0,56.0,12.0
khatanga,ru,89.56521894578344,100.70997257719614,1519857844,-8.0,64.0,80.0,8.0
khromtau,kz,49.818498233217525,59.295078632660136,1519858021,-2.0,70.0,0.0,9.0
bethel,us,61.36574341205073,-161.57555886295495,1519854780,8.0,78.0,1.0,6.0
flin flon,ca,54.130593280381134,-102.91259943232555,1519857835,26.0,64.0,8.0,7.0
beringovskiy,ru,58.22169685047723,178.1827741235968,1519858023,33.0,93.0,92.0,31.0
raudeberg,no,65.17071475583694,1.2795200030581668,1519856400,21.0,41.0,0.0,10.0
alice springs,au,-24.45228935616491,137.8410683164576,1519857791,79.0,25.0,0.0,8.0
mahebourg,mu,-54.79857794504956,78.73785134037615,1519858026,79.0,87.0,88.0,10.0
sao filipe,cv,10.863973159676064,-29.520131072133097,1519857772,68.0,100.0,0.0,9.0
aklavik,ca,73.8420457677799,-139.5101547258826,1519857791,-5.0,73.0,44.0,6.0
menomonie,us,44.46241306520159,-92.06771605722743,1519856100,42.0,92.0,1.0,5.0
kununurra,au,-19.657760184478704,128.97224073605622,1519858027,85.0,79.0,0.0,4.0
narsaq,gl,82.8156424692526,-62.62995967943219,1519854600,46.0,39.0,0.0,4.0
barmer,in,25.905634276243816,71.23998279899175,1519858029,65.0,57.0,64.0,2.0
boende,cd,-1.6574138497281155,21.674064465773938,1519858029,73.0,91.0,56.0,4.0
bathsheba,bb,16.424683006177133,-52.5637528831618,1519857918,77.0,100.0,20.0,13.0
dhidhdhoo,mv,7.485761794743695,69.31670622694514,1519858031,82.0,100.0,64.0,13.0
ponta do sol,cv,17.65832332085688,-26.131489385250887,1519858031,69.0,91.0,12.0,2.0
half moon bay,us,28.073120880127405,-137.91739108269715,1519857120,57.0,62.0,90.0,10.0
mandalgovi,mn,47.06558180302892,105.28489282273262,1519858032,4.0,68.0,0.0,6.0
grindavik,is,52.964864564588396,-26.557966950047643,1519855200,41.0,100.0,90.0,2.0
hilo,us,13.137077115067257,-159.70963935128208,1519854780,75.0,73.0,90.0,5.0
saint anthony,ca,54.414521569530564,-50.22730888555981,1519854960,28.0,53.0,20.0,9.0
cidreira,br,-34.18425482509527,-43.76612988119666,1519858034,73.0,89.0,44.0,8.0
birjand,ir,31.119939524309046,59.53537328842995,1519855200,48.0,76.0,75.0,4.0
sayyan,ye,16.6064313212445,47.30703127516827,1519858035,40.0,84.0,0.0,2.0
ubaitaba,br,-14.31472789618492,-39.187637597309845,1519858035,73.0,86.0,0.0,5.0
kapaa,us,21.784131104858872,-175.88041101435343,1519854960,75.0,73.0,90.0,24.0
gizo,sb,-10.419207241495016,156.07098390048213,1519858036,39.0,67.0,0.0,3.0
general pico,ar,-36.332995851020655,-62.63310369694021,1519858037,72.0,77.0,8.0,5.0
diamantino,br,-12.522526044300733,-54.929940670392796,1519858037,78.0,84.0,8.0,4.0
mangrol,in,15.247321312326292,64.14579666322962,1519858038,61.0,89.0,32.0,3.0
anahuac,mx,28.916672721883145,-106.68235656409294,1519857300,80.0,54.0,40.0,14.0
kudahuvadhoo,mv,3.450917868294084,63.23391872366486,1519858039,81.0,100.0,68.0,11.0
oriximina,br,1.17592641954964,-55.66137989019413,1519858040,77.0,96.0,32.0,4.0
jiexiu,cn,37.127199598710476,112.26662741498262,1519858040,30.0,63.0,88.0,3.0
port elizabeth,za,-70.81993273075595,34.945695524071425,1519854960,59.0,50.0,1.0,4.0
new norfolk,au,-49.73141349808125,137.30129873481184,1519858041,55.0,87.0,68.0,5.0
kavieng,pg,3.6443553300035774,152.80343616667983,1519858042,84.0,100.0,48.0,2.0
huilong,cn,33.68099697913094,123.95126440610255,1519858042,51.0,99.0,92.0,2.0
christchurch,nz,-45.940937213883046,175.12669118858747,1519857951,69.0,83.0,24.0,8.0
saint-philippe,re,-39.038847936204505,59.85963303971167,1519856700,51.0,94.0,90.0,8.0
taloqan,af,36.265981358860046,69.98264566432348,1519858044,44.0,66.0,20.0,4.0
isangel,vu,-20.430346368743315,177.97295479520238,1519858044,81.0,100.0,0.0,5.0
matamoros,mx,24.854357072649748,-96.1230594285752,1519857300,84.0,58.0,1.0,24.0
mahajanga,mg,-15.542328379051469,46.543117721861336,1519855200,75.0,94.0,40.0,6.0
tamandare,br,-9.82262861253372,-31.773397289588132,1519858046,77.0,85.0,36.0,0.0
wageningen,sr,4.771428986528363,-56.88301798161723,1519857120,19.0,61.0,90.0,16.0
tura,ru,66.59155241553884,100.81387316166041,1519858047,58.0,88.0,8.0,2.0
nikolskoye,ru,49.35921763393796,175.3590479779212,1519857000,-4.0,83.0,20.0,2.0
beyneu,kz,43.00395460854381,55.671626113376135,1519858048,25.0,99.0,80.0,3.0
san jose,gt,11.171161618550826,-92.07822585430013,1519858011,74.0,88.0,32.0,2.0
yellowknife,ca,73.22136177017484,-114.04803902010534,1519858051,-5.0,70.0,0.0,3.0
verkhneuralsk,ru,53.87896710305304,59.289037651119855,1519858051,-14.0,64.0,0.0,5.0
okha,ru,56.48512999570363,142.3779769529918,1519857901,1.0,90.0,20.0,3.0
kunming,cn,25.314220540952547,102.64069959851804,1519858052,40.0,80.0,0.0,4.0
praia da vitoria,pt,42.26522753948856,-24.630619765766795,1519858053,57.0,100.0,92.0,19.0
beidao,cn,34.65466392034696,106.1412029907537,1519858053,34.0,96.0,88.0,2.0
brigantine,us,36.58922302048076,-71.7944262632274,1519855200,60.0,41.0,1.0,13.0
olinda,br,-8.224811723534785,-34.49646340055577,1519858054,77.0,87.0,12.0,2.0
chipinge,zw,-20.674760367776173,33.35913566845838,1519858055,69.0,98.0,92.0,3.0
richards bay,za,-31.96043500805728,36.4946541383307,1519857862,69.0,89.0,0.0,8.0
tautira,pf,-20.284059135110084,-145.44129053717884,1519858056,83.0,98.0,20.0,10.0
mengcheng,cn,33.47912333832076,116.70514522276079,1519858057,48.0,78.0,92.0,16.0
viedma,ar,-41.28443239355798,-64.48618916353371,1519857876,74.0,45.0,0.0,10.0
songea,tz,-10.362064735020965,36.440373755878596,1519857919,68.0,97.0,92.0,2.0
chokurdakh,ru,85.66060995132489,153.5291647797511,1519857907,-14.0,66.0,80.0,9.0
lorengau,pg,4.233244051712077,147.68644345507806,1519857804,83.0,100.0,68.0,1.0
namibe,ao,-19.480299086501546,3.695415466351278,1519858058,74.0,100.0,24.0,10.0
birao,cf,9.486687685274319,23.73214522346956,1519858059,79.0,51.0,0.0,8.0
vale da amoreira,pt,38.87068586473745,-7.891900628380085,1519858059,58.0,95.0,92.0,31.0
puerto madryn,ar,-41.916586977164236,-66.88164531629306,1519858060,73.0,58.0,32.0,5.0
jiazi,cn,21.242944685687903,116.97099830708544,1519858060,68.0,98.0,92.0,3.0
nouadhibou,mr,20.976948382352873,-20.948269006223995,1519858040,60.0,95.0,0.0,5.0
bay roberts,ca,47.33851155113615,-53.860093195962875,1519858062,30.0,98.0,88.0,8.0
neryungri,ru,57.0749323171994,123.37710593470331,1519858062,-13.0,74.0,48.0,6.0
butaritari,ki,17.807850144869448,173.77255912930292,1519858063,80.0,100.0,92.0,14.0
faya,td,20.15218681262691,22.56103797816965,1519855200,60.0,77.0,0.0,11.0
kita,ml,12.571236449727564,-9.238422426244341,1519858064,57.0,92.0,0.0,21.0
marquette,us,46.27036950934948,-87.68004636246302,1519854960,30.0,68.0,5.0,13.0
la ronge,ca,64.54100035035248,-103.0747766009065,1519855200,30.0,58.0,75.0,6.0
bolobo,cd,-2.5841490525018003,15.850134531287239,1519858065,75.0,81.0,80.0,4.0
komsomolskiy,ru,66.28569205148622,171.02509468704505,1519858065,15.0,90.0,64.0,26.0
chimbote,pe,-13.19860646392928,-86.80136192645199,1519858066,69.0,85.0,0.0,5.0
vestmannaeyjar,is,53.90734612123563,-21.078974196587325,1519858067,36.0,100.0,68.0,4.0
lodja,cd,-1.4728582647059199,23.714326642534502,1519858067,67.0,100.0,92.0,3.0
rosario do sul,br,-30.075650329840244,-55.348499125894065,1519858068,69.0,100.0,44.0,5.0
inirida,co,3.4285361992482706,-67.40296314969328,1519858068,81.0,70.0,20.0,2.0
kutum,sd,17.55371851926607,23.42701534769091,1519857775,68.0,49.0,56.0,4.0
lobatse,bw,-25.34551146444916,25.475129120060103,1519858069,61.0,88.0,8.0,2.0
barra do corda,br,-5.774554926210499,-44.93662671636818,1519858042,73.0,97.0,48.0,3.0
san patricio,mx,6.70768769744555,-111.43677796879585,1519858070,71.0,96.0,92.0,2.0
sao gabriel da cachoeira,br,1.621037542016282,-67.13253592992044,1519858070,77.0,91.0,36.0,2.0
pevek,ru,83.80839810946034,167.53853584988377,1519857773,1.0,91.0,68.0,6.0
ilulissat,gl,76.14603418599378,-42.236105004398695,1519854600,10.0,60.0,20.0,1.0
chuy,uy,-52.892897336343076,-33.67198065272635,1519857929,68.0,92.0,24.0,8.0
clyde river,ca,70.1023245609478,-66.85265697912345,1519855200,6.0,84.0,75.0,6.0
hamilton,bm,30.36200732247036,-65.45291925913938,1519858073,65.0,100.0,92.0,9.0
avera,pf,-23.852315212495768,-151.55285182174387,1519857300,71.0,88.0,90.0,6.0
saskylakh,ru,87.75104754663016,113.98540902586706,1519857801,-27.0,42.0,20.0,12.0
kem,ru,64.51982087848631,34.04234827186738,1519858075,62.0,98.0,92.0,4.0
kupang,id,-12.150332188547424,121.65944655210205,1519858075,82.0,96.0,64.0,4.0
noumea,nc,-27.11089718860549,162.83057180004226,1519858076,80.0,91.0,0.0,4.0
luderitz,na,-33.843719870897864,1.0044906335222379,1519855200,62.0,88.0,0.0,12.0
vallenar,cl,-27.323428701342024,-72.8384761136236,1519858077,59.0,77.0,0.0,2.0
sambava,mg,-13.376828149193145,53.27458310527268,1519857868,80.0,100.0,80.0,16.0
barrow,us,70.01766201493504,-158.06941281096442,1519858078,71.0,53.0,0.0,7.0
saint marys,us,41.29164856954256,-78.09683111802323,1519854840,60.0,66.0,90.0,10.0
poum,nc,-18.778656065241634,164.26160464317752,1519858079,9.0,82.0,0.0,2.0
arraial do cabo,br,-31.597929945619477,-31.028518473962606,1519858080,78.0,94.0,68.0,4.0
santa marta,co,13.488110520804085,-74.33375152951106,1519858081,76.0,100.0,0.0,24.0
nchelenge,zm,-9.810297878422247,28.336416052301644,1519858081,67.0,99.0,92.0,4.0
trinidad,bo,-15.367459562638004,-65.3538406625182,1519857944,78.0,48.0,88.0,6.0
celestun,mx,22.642209359990233,-93.05941659703993,1519857970,80.0,88.0,0.0,9.0
garwa,in,24.533138206133444,83.6091280845506,1519858083,57.0,90.0,0.0,5.0
thompson,ca,64.25561389323911,-95.07422968170589,1519857791,24.0,80.0,88.0,4.0
puerto colombia,co,11.997662330043667,-76.26342630743581,1519858084,77.0,78.0,0.0,14.0
adrar,dz,27.81706199708553,1.8989398946815754,1519857773,66.0,34.0,0.0,9.0
vologda,ru,59.31423448902032,39.830976451195966,1519858085,2.0,68.0,64.0,3.0
westlock,ca,53.99672443039495,-113.79557612178681,1519855200,35.0,37.0,20.0,5.0
hammerfest,no,74.88150621148733,22.345697420175043,1519856400,32.0,100.0,90.0,5.0
kahului,us,27.877810023840254,-152.09557735654337,1519854960,80.0,57.0,40.0,6.0
tiksi,ru,87.06985577864157,131.40959567901916,1519857930,-35.0,67.0,20.0,4.0
ontario,us,43.2642337091209,-118.31483254224841,1519855080,62.0,41.0,20.0,2.0
gelemso,et,8.741891275023391,40.37520100226638,1519858088,48.0,85.0,0.0,0.0
jacareacanga,br,-7.597488431113078,-56.60474540223933,1519858088,82.0,73.0,36.0,3.0
provideniya,ru,60.58184167100745,-175.79508633321453,1519857780,24.0,100.0,92.0,34.0
dwarka,in,19.882958984580867,64.57291483334316,1519858089,61.0,89.0,24.0,2.0
qovlar,az,40.74139885916975,45.66746804385005,1519857000,42.0,93.0,90.0,6.0
nantucket,us,39.37005590182409,-69.06287845486241,1519857300,46.0,65.0,1.0,20.0
skoghall,se,59.61326420975925,13.056747365242018,1519858090,7.0,100.0,0.0,7.0
touros,br,-2.165462190005144,-30.743988372053536,1519857793,80.0,88.0,80.0,10.0
dalvik,is,67.1684442995687,-18.990401063310657,1519858092,15.0,76.0,68.0,9.0
bambous virieux,mu,-35.35155309253881,84.19963144268411,1519858093,79.0,87.0,88.0,10.0
cherskiy,ru,75.50864096117519,159.8410041334502,1519858093,-2.0,72.0,80.0,2.0
thaba-tseka,ls,-29.76665749655526,28.295146872731493,1519858094,43.0,93.0,0.0,2.0
shelburne,ca,42.41394822233204,-65.63772090513625,1519855200,57.0,80.0,40.0,12.0
baruun-urt,mn,45.617038776726076,113.95012885089693,1519858095,-11.0,51.0,0.0,6.0
flinders,au,-36.829847371334566,130.94585600962864,1519858095,73.0,73.0,0.0,5.0
shimoda,jp,19.82831707863926,144.21337505244418,1519858096,58.0,100.0,20.0,39.0
cayenne,gf,14.542428155556834,-41.95935832490582,1519858096,78.0,84.0,56.0,7.0
kodiak,us,53.228805430142245,-148.62593453276654,1519857120,51.0,87.0,90.0,14.0
suntar,ru,62.94173425611817,117.20579694087616,1519858097,-19.0,83.0,56.0,3.0
torbay,ca,45.06544179732268,-48.211989387016644,1519858097,30.0,96.0,88.0,10.0
bull savanna,jm,14.462033499113303,-77.1002708536524,1519858098,72.0,86.0,100.0,2.0
cabatuan,ph,14.339808930512191,127.09548841529687,1519858099,72.0,100.0,64.0,3.0
sao paulo de olivenca,br,-3.316642713374236,-69.48815657922621,1519858099,79.0,89.0,0.0,1.0
sorland,no,73.23239132911655,9.63202112251301,1519857947,35.0,100.0,76.0,17.0
bilibino,ru,70.33949562675099,167.08483562601816,1519858100,0.0,75.0,68.0,3.0
hervey bay,au,-23.728277150738805,156.99484592168022,1519858101,80.0,92.0,0.0,3.0
quatre cocos,mu,-17.846013586048116,62.87183767993966,1519858101,79.0,87.0,88.0,10.0
bud,no,65.67851126192085,6.232323498579063,1519856400,21.0,47.0,0.0,10.0
grafton,us,48.13855989673101,-97.87319682395,1519858103,83.0,70.0,0.0,2.0
jieznas,lt,54.57587697103605,24.356979909974655,1519858103,3.0,82.0,88.0,10.0
turukhansk,ru,63.7258734031831,89.89934460339299,1519858104,-18.0,81.0,56.0,19.0
xinzhi,cn,36.537528858598094,111.59945527167491,1519858104,63.0,95.0,0.0,3.0
guerrero negro,mx,22.655415456488683,-122.05449801982579,1519858105,63.0,54.0,0.0,11.0
arlit,ne,20.53808168302919,5.030353024634508,1519858105,64.0,29.0,0.0,6.0
luxor,eg,25.59834992181689,32.502635051511845,1519858106,49.0,58.0,0.0,4.0
salalah,om,17.240019263629918,57.0000492098597,1519854600,71.0,78.0,0.0,3.0
georgetown,sh,-0.40375916055911887,-18.456389348424494,1519857964,75.0,72.0,0.0,6.0
iqaluit,ca,64.75001888044326,-75.78571758260102,1519855200,24.0,85.0,90.0,11.0
ajdabiya,ly,30.22136005976928,18.71943645178473,1519858108,50.0,84.0,0.0,6.0
abbeville,us,28.079103223796494,-92.62363854973889,1519858109,21.0,61.0,80.0,22.0
nadym,ru,63.810717306305975,71.41029321029148,1519857941,-1.0,79.0,80.0,20.0
broome,au,-20.91194916997432,125.39304041451192,1519856580,23.0,79.0,80.0,20.0
hvide sande,dk,55.84650944617917,6.490756395386029,1519856400,19.0,73.0,48.0,16.0
florence,us,38.93328955667238,-84.89456988984628,1519856100,64.0,88.0,90.0,7.0
portland,au,-39.577832555345246,140.97813498964496,1519854960,46.0,93.0,90.0,13.0
bela vista,br,-22.059579394402903,-56.7075153246838,1519858019,76.0,92.0,20.0,3.0
kuching,my,2.313404215195021,109.97789626537025,1519858114,78.0,100.0,56.0,4.0
safford,us,33.530626271951334,-109.55796314670769,1519854660,48.0,57.0,20.0,19.0
banda aceh,id,3.9870519125589965,88.59860297308472,1519858114,72.0,100.0,8.0,1.0
manokwari,id,2.6404171746809055,133.44783691765946,1519858115,82.0,100.0,8.0,3.0
esperance,au,-30.039054342704283,124.13702809232541,1519855200,75.0,88.0,40.0,5.0
tuy hoa,vn,12.726501522013919,110.83452636481303,1519858116,73.0,99.0,92.0,3.0
santiago del estero,ar,-27.681606203740813,-63.27977480182159,1519858011,72.0,81.0,76.0,9.0
mayumba,ga,-7.604338271435324,6.277934691521864,1519858117,77.0,100.0,92.0,4.0
gemena,cd,2.395304830801649,19.074577330780926,1519858117,72.0,93.0,36.0,2.0
codrington,ag,25.511022163480675,-57.24625609472595,1519857778,83.0,75.0,0.0,3.0
rundu,na,-17.38507209611474,19.174935843768594,1519858060,67.0,88.0,48.0,5.0
ust-nera,ru,63.92971277425249,140.38360927129156,1519858118,-8.0,83.0,44.0,2.0
nakhon thai,th,17.652834727381247,100.90531587334783,1519858119,62.0,94.0,0.0,1.0
hasaki,jp,33.72217637116175,142.8647268964911,1519857767,56.0,97.0,92.0,48.0
tilichiki,ru,57.827969487200875,170.4244051668178,1519858119,29.0,88.0,80.0,5.0
cadillac,us,44.200221334104526,-84.95910911748535,1519857300,51.0,74.0,1.0,8.0
tokonou,gn,9.771359584547227,-9.70102463034948,1519858122,69.0,96.0,32.0,4.0
quelimane,mz,-19.009546522024394,36.86134897391403,1519855200,80.0,94.0,40.0,4.0
kruisfontein,za,-57.44121399124699,27.27303629441485,1519858123,68.0,100.0,88.0,3.0
kristianstad,se,56.2309994268677,14.446739531319139,1519856400,17.0,72.0,80.0,14.0
waipawa,nz,-46.23354097565174,177.83712893866021,1519858124,72.0,54.0,36.0,11.0
fare,pf,-13.05979267150208,-148.4314056282929,1519858125,83.0,96.0,88.0,11.0
baykit,ru,66.03141925351099,94.53541003621069,1519858126,-22.0,61.0,32.0,2.0
san jose de guanipa,ve,9.246541586503568,-63.71546845536952,1519858127,85.0,42.0,76.0,5.0
karratha,au,-17.991962542760874,113.6412252695938,1519858127,80.0,72.0,32.0,4.0
tooele,us,39.73448368565465,-112.81597314258346,1519857300,41.0,59.0,1.0,3.0
tazovskiy,ru,66.30873305936746,80.42511591230743,1519858128,-3.0,74.0,68.0,26.0
gore,et,8.006030137280177,35.48609601889737,1519858129,57.0,94.0,24.0,0.0
bahia honda,cu,25.28021751456457,-85.03455964427955,1519858130,77.0,70.0,88.0,5.0
port lincoln,au,-37.100040908733725,132.01683584457118,1519857781,68.0,83.0,0.0,11.0
caravelas,br,-20.06408198996145,-33.90262477480306,1519858131,81.0,100.0,0.0,16.0
lagoa,pt,42.608054780884146,-31.023610957957857,1519857788,55.0,99.0,92.0,19.0
batagay-alyta,ru,66.82122482106936,130.3436200271501,1519858131,-11.0,68.0,48.0,2.0
sangar,ru,64.63871208885001,126.30132290998114,1519858132,-27.0,41.0,36.0,2.0
coquimbo,cl,-27.58762457805613,-85.15921003044893,1519858034,64.0,98.0,0.0,6.0
dickinson,us,47.401076450589244,-102.68868074806183,1519854960,33.0,55.0,1.0,14.0
havre-saint-pierre,ca,57.5425578633442,-62.49917688699318,1519855200,21.0,79.0,75.0,3.0
mao,td,15.938984970820044,13.569796406434818,1519855200,78.0,69.0,20.0,9.0
carlagan,ph,15.541307657764492,122.12007607055682,1519858134,76.0,100.0,80.0,6.0
erzin,ru,47.516179760822496,94.06471925195024,1519858135,47.0,91.0,92.0,3.0
angoche,mz,-17.244726907502923,40.95430377059512,1519858135,81.0,100.0,68.0,2.0
victoria point,au,-26.14906074167356,158.47743397301815,1519858136,78.0,100.0,0.0,8.0
seoul,kr,37.11466072719526,125.7243477336977,1519858023,31.0,91.0,0.0,14.0
vanimo,pg,-1.2400635376813796,140.74877822006806,1519858137,79.0,100.0,88.0,5.0
yarumal,co,6.838659286442777,-75.64562700448953,1519858138,62.0,100.0,100.0,1.0
carballo,es,46.98616777348127,-12.406719266488096,1519858138,41.0,100.0,92.0,2.0
henties bay,na,-23.05121728540125,5.760040608103367,1519858139,60.0,100.0,32.0,5.0
penzance,gb,49.97416445039815,-6.1862503255667605,1519854600,24.0,62.0,75.0,25.0
praia,cv,14.485817021360631,-23.16532280294922,1519858140,65.0,95.0,56.0,1.0
obihiro,jp,42.72427557627611,142.7914639062995,1519858141,19.0,78.0,92.0,3.0
tuktoyaktuk,ca,86.43769024058696,-143.19894053789463,1519855200,-14.0,70.0,20.0,21.0
blackburn,gb,53.810020394323885,-2.5946946567550526,1519856400,24.0,73.0,75.0,10.0
dingle,ie,51.184477786162574,-19.86018572774296,1519858142,78.0,85.0,8.0,8.0
bayji,iq,35.24875216381727,43.03314026863586,1519858143,47.0,93.0,32.0,4.0
hatillo,us,21.23449078577012,-66.43503353925188,1519854600,75.0,69.0,5.0,14.0
bagotville,ca,48.705416430263085,-70.67153932296871,1519858144,79.0,92.0,0.0,3.0
palmer,us,61.92926995879941,-147.2779722146858,1519858145,65.0,68.0,12.0,8.0
livingston,us,45.19322298052833,-109.83007386980644,1519855080,80.0,51.0,75.0,5.0
yuzhou,cn,34.74754903509648,113.59129518464277,1519858146,43.0,46.0,88.0,14.0
sioux lookout,ca,52.43135994868058,-91.6454562620413,1519855200,33.0,43.0,75.0,5.0
bayan,kw,28.427116266048685,47.74683183412833,1519858147,-9.0,56.0,36.0,7.0
wanning,cn,17.81466652638923,110.35688643817366,1519858148,6.0,89.0,0.0,11.0
ancud,cl,-39.02589585824485,-102.03590435029116,1519857871,58.0,96.0,92.0,3.0
sept-iles,ca,56.0161390101066,-67.9739328894268,1519855200,17.0,72.0,75.0,2.0
kayes,ml,14.098017793910955,-11.373586761824441,1519858149,81.0,38.0,0.0,9.0
hofn,is,71.69487569509099,-10.532307767978466,1519855200,35.0,93.0,75.0,2.0
buala,sb,-3.8891690752681995,159.97662656015302,1519858150,80.0,100.0,88.0,5.0
coracora,pe,-14.928591889703071,-73.48519661618126,1519858150,44.0,93.0,80.0,2.0
manaure,co,13.906354064119256,-72.29307901581696,1519858151,76.0,93.0,0.0,19.0
ha giang,vn,22.72709588499663,104.99732203876766,1519858151,60.0,98.0,88.0,2.0
foggia,it,41.443513294881114,15.495565973689622,1519858152,25.0,88.0,92.0,3.0
santa maria,cv,16.586033064757558,-23.17708024207826,1519857986,70.0,93.0,68.0,5.0
walvis bay,na,-25.512549790736045,8.89830355845092,1519855200,59.0,87.0,0.0,10.0
east london,za,-78.03572787987426,53.72554735728559,1519858156,70.0,100.0,64.0,13.0
harlingen,nl,53.25973869790201,5.2892835922527865,1519857300,89.0,58.0,1.0,24.0
piacabucu,br,-11.087551249654695,-35.52916357718814,1519858157,78.0,84.0,92.0,9.0
xining,cn,35.261033801157,100.96650875598505,1519858157,9.0,71.0,0.0,2.0
bosilegrad,rs,42.64898403840692,22.573797747911925,1519858158,3.0,67.0,0.0,1.0
esso,ru,56.062452557275606,158.378869536406,1519858158,8.0,83.0,64.0,10.0
anadyr,ru,64.74440770637474,175.6603913194637,1519857000,26.0,92.0,90.0,55.0
mount isa,au,-23.29348402642769,141.08783077991495,1519858159,87.0,52.0,100.0,8.0
chara,ru,57.883763164995315,118.19832103222433,1519858160,25.0,66.0,0.0,1.0
norman wells,ca,70.27166748101206,-119.34499643745531,1519857775,-4.0,80.0,56.0,8.0
shingu,jp,20.594475373852347,141.5376225180264,1519857957,58.0,94.0,0.0,31.0
bridlington,gb,55.808053151047176,1.7552906534420742,1519856400,24.0,79.0,44.0,21.0
ponta delgada,pt,35.622150300212425,-26.309608896539117,1519858162,57.0,100.0,92.0,15.0
muroto,jp,31.182499622348715,134.2264650261498,1519858162,54.0,97.0,0.0,19.0
karlskrona,se,55.492327627741275,16.277433793675783,1519856400,17.0,85.0,76.0,13.0
port hedland,au,-15.455743372577146,116.96386558072163,1519858163,82.0,73.0,80.0,4.0
teahupoo,pf,-20.31091113514512,-149.1920891148091,1519858087,83.0,98.0,20.0,10.0
mackenzie,ca,56.66271951655335,-123.26336437845245,1519855200,30.0,63.0,75.0,3.0
ankazobe,mg,-18.486817432966973,47.31212831484331,1519855200,68.0,88.0,40.0,5.0
belyy yar,ru,61.15860837925777,86.61494211924219,1519857000,0.0,84.0,40.0,4.0
noshiro,jp,41.175124062726184,138.53024511129223,1519858166,42.0,100.0,92.0,28.0
sur,om,20.47492966942974,59.703094054656674,1519858167,71.0,97.0,12.0,5.0
vila,vu,-18.35350583540084,167.98512172786963,1519858167,26.0,86.0,92.0,8.0
vila do maio,cv,11.854243300007255,-20.938944289706825,1519858168,68.0,100.0,8.0,8.0
nizhniy kuranakh,ru,60.359628363244866,124.95890918073144,1519858168,-14.0,63.0,24.0,3.0
zabol,ir,30.693568887914168,60.15920465690536,1519858169,57.0,100.0,32.0,3.0
george,za,-34.168249582545855,22.01335462206825,1519858169,80.0,90.0,32.0,10.0
rakai,ug,-0.7220674718828093,31.249589884971442,1519858170,60.0,98.0,48.0,2.0
saldanha,za,-35.29199084406104,5.89124373653857,1519858170,47.0,97.0,92.0,15.0
sabang,id,7.684035564655545,93.18070184289553,1519858171,79.0,95.0,88.0,9.0
dryden,ca,49.88231017093452,-92.59281678752949,1519855200,33.0,43.0,90.0,13.0
khasan,ru,40.824262919532885,129.7664922466913,1519858172,30.0,98.0,92.0,1.0
road town,vg,17.219379993870547,-64.56688357751212,1519855200,78.0,61.0,40.0,3.0
panacan,ph,9.152830294405533,118.37409413983227,1519858173,77.0,73.0,36.0,3.0
dzhebariki-khaya,ru,61.606213735180006,136.26192337446122,1519858173,-18.0,81.0,56.0,3.0
san clemente,us,33.2184689528804,-117.64870931524061,1519855080,62.0,62.0,1.0,10.0
rapu-rapu,ph,13.318057792639436,124.21260839863015,1519858175,77.0,100.0,92.0,9.0
coihaique,cl,-48.69155819137938,-71.52134682376428,1519858175,52.0,43.0,0.0,7.0
chapais,ca,54.08499927583085,-72.78696431257796,1519855200,24.0,73.0,1.0,6.0
kalamazoo,us,42.52861727779208,-85.74931992287787,1519857300,57.0,67.0,90.0,3.0
kondinskoye,ru,59.68120876187331,66.848808480786,1519858177,-16.0,73.0,12.0,5.0
myjava,sk,48.783696322737256,17.580202317951063,1519858178,1.0,70.0,0.0,3.0
victor harbor,au,-38.04729294917018,136.43722227555662,1519858178,67.0,74.0,8.0,10.0
puerto madero,mx,14.31753722045083,-93.7447891542429,1519855200,77.0,53.0,0.0,8.0
talnakh,ru,72.66443345272995,93.32031905493017,1519858179,-12.0,76.0,80.0,23.0
opuwo,na,-20.19373611206855,8.032976419976563,1519858179,56.0,52.0,0.0,4.0
te anau,nz,-38.651483074124236,163.07612423597146,1519858180,62.0,98.0,80.0,3.0
berlevag,no,76.70346509071584,30.955874320580904,1519854600,32.0,100.0,75.0,8.0
ola,ru,57.256347289882314,151.64364188449957,1519857000,-14.0,75.0,44.0,4.0
nicoya,cr,5.905296646616563,-87.9552194614377,1519858001,83.0,51.0,8.0,12.0
geraldton,au,-29.532508445018195,108.95424798290793,1519855200,24.0,73.0,90.0,6.0
pangnirtung,ca,62.321182098927466,-59.74022239344123,1519855200,28.0,79.0,90.0,11.0
okhotsk,ru,57.351080937111306,141.95062827240685,1519858183,5.0,100.0,0.0,5.0
margate,za,-40.12918536807032,40.93616948297466,1519858184,56.0,98.0,64.0,7.0
tanout,ne,15.95555319231616,10.102028717987935,1519858184,64.0,31.0,0.0,2.0
vila franca do campo,pt,41.42673386681298,-23.43162186844137,1519858185,57.0,100.0,92.0,15.0
katsuura,jp,32.17746936651072,143.06706589219692,1519858185,50.0,73.0,0.0,22.0
nishihara,jp,20.10633404242465,135.26093199954317,1519858186,57.0,92.0,0.0,21.0
lalibela,et,11.425660911128631,39.0461633886832,1519858186,49.0,97.0,80.0,2.0
meulaboh,id,-5.2434610639717505,87.88029423245445,1519858187,77.0,100.0,20.0,4.0
nabire,id,-3.2907661516957774,135.98694409538723,1519858188,75.0,89.0,56.0,0.0
ati,td,12.681006614775612,18.024230439721208,1519858188,76.0,25.0,0.0,9.0
hambantota,lk,5.9125061584787915,80.88862076146029,1519857782,78.0,100.0,24.0,11.0
rio de janeiro,br,-23.05622714007427,-43.32133796079938,1519858177,75.0,98.0,76.0,1.0
kattivakkam,in,12.64332161523501,85.48405250379074,1519858189,74.0,100.0,0.0,6.0
altagracia de orituco,ve,9.712023551792626,-66.22266822630955,1519858190,78.0,52.0,0.0,14.0
pasni,pk,21.95190812915577,63.65805406223669,1519858190,70.0,98.0,0.0,4.0
kavaratti,in,9.847691496120262,71.95257192395118,1519858191,83.0,100.0,0.0,2.0
lake havasu city,us,34.31403017056603,-114.10426878476711,1519857000,62.0,33.0,1.0,5.0
coos bay,us,42.15497701633751,-129.8556592932602,1519857660,48.0,87.0,90.0,17.0
erenhot,cn,44.40284522935795,110.91973189480575,1519858192,-2.0,64.0,0.0,3.0
kaseda,jp,30.996470844859147,129.842592401344,1519858193,59.0,100.0,0.0,27.0
los llanos de aridane,es,27.94094978382472,-19.201040938432868,1519858193,66.0,95.0,100.0,29.0
kankon,in,13.876968954005733,72.14344456099829,1519858194,81.0,100.0,0.0,8.0
cabo san lucas,mx,12.983490081498061,-114.54836206984938,1519854480,71.0,72.0,90.0,8.0
dudinka,ru,70.63113758497835,86.09939528726892,1519858194,-12.0,79.0,88.0,30.0
versalles,co,4.394725387395155,-76.75346775964805,1519855200,80.0,54.0,40.0,9.0
khudumelapye,bw,-23.026665914779088,24.675440225774707,1519858195,65.0,88.0,8.0,3.0
santa clara,mx,24.62204975387074,-103.27460281831641,1519855140,80.0,54.0,40.0,11.0
atambua,id,-9.917052114206967,125.23684420477304,1519858197,80.0,100.0,100.0,2.0
nur,ir,37.09267059619475,51.805285508190735,1519858197,7.0,71.0,68.0,9.0
benguela,ao,-12.81964491002914,10.629888371838774,1519858197,75.0,100.0,20.0,6.0
puerto del rosario,es,26.187848103578034,-13.034184939272109,1519858079,65.0,84.0,0.0,30.0
ust-kulom,ru,61.642494515686224,52.74287130293277,1519858199,11.0,76.0,76.0,10.0
omsukchan,ru,60.884552902925606,156.16042390316272,1519858199,-10.0,64.0,80.0,3.0
boguchany,ru,58.48196800614548,96.2491232574132,1519858200,-14.0,64.0,20.0,2.0
grand-santi,gf,1.95485875570823,-56.67138802673226,1519858200,76.0,85.0,24.0,4.0
souillac,mu,-25.532288212555414,59.063988441241776,1519858201,44.0,92.0,92.0,15.0
ossora,ru,60.563451561959795,163.29953230772645,1519858202,19.0,92.0,80.0,21.0
pahrump,us,36.6391441069255,-116.43485287105034,1519855080,57.0,24.0,1.0,8.0
cartagena,co,10.685181919210251,-75.95165841545025,1519858130,61.0,50.0,68.0,9.0
mount gambier,au,-54.10806454779328,130.74601815656706,1519857935,64.0,70.0,88.0,4.0
tabuny,ru,52.82790816236573,78.76541214029317,1519858204,10.0,87.0,64.0,13.0
taoudenni,ml,23.993648669757462,-7.844193931501877,1519858205,74.0,37.0,0.0,9.0
naze,jp,21.571198038315018,137.43551722709515,1519858205,70.0,100.0,92.0,2.0
yulara,au,-27.668746627217537,133.7341814311494,1519858206,79.0,28.0,0.0,11.0
sandviken,se,60.82313477162796,16.38520931736548,1519858207,13.0,78.0,68.0,6.0
ixtapa,mx,7.316756203931547,-107.21347774588814,1519854060,77.0,69.0,5.0,12.0
ostrovnoy,ru,75.97247684271215,42.94064511670774,1519858040,26.0,94.0,80.0,12.0
daund,in,18.338000330414346,74.59501181341093,1519858208,61.0,64.0,8.0,4.0
skibbereen,ie,48.358769964807436,-10.527621444678545,1519857000,23.0,100.0,75.0,23.0
byumba,rw,-1.523117428359683,29.92152365015042,1519858209,55.0,99.0,68.0,2.0
acapulco,mx,8.998256887894513,-103.02673108201917,1519858210,81.0,58.0,0.0,9.0
kieta,pg,-3.211852791348349,157.75158780690657,1519858210,79.0,100.0,92.0,3.0
wundanyi,ke,-3.141094798189158,38.05405478958417,1519858211,67.0,93.0,36.0,2.0
khilok,ru,51.42072265825425,110.3709981248378,1519858212,-18.0,49.0,8.0,2.0
emerald,au,-24.910940715102058,146.22575429531446,1519858212,82.0,81.0,24.0,8.0
fairbanks,us,74.23238758484754,-143.43275468850197,1519856280,3.0,64.0,75.0,8.0
nhulunbuy,au,-11.547064777867163,138.22699251587022,1519858213,83.0,100.0,44.0,8.0
tonantins,br,-1.9565916814461417,-68.23658096753795,1519858214,81.0,86.0,8.0,2.0
saint-paul,re,-20.82293572480829,52.85540317714077,1519858214,41.0,91.0,92.0,21.0
copiapo,cl,-26.752498929282204,-71.06098255978772,1519858160,60.0,75.0,0.0,2.0
nortelandia,br,-13.289086588206771,-57.74189269414862,1519858215,79.0,84.0,8.0,2.0
porto walter,br,-8.491773087809634,-71.82969624014024,1519858216,87.0,51.0,20.0,2.0
kysyl-syr,ru,62.66858547350958,124.55448554463283,1519858216,-18.0,79.0,44.0,4.0
waingapu,id,-11.87175426627941,120.58109002876972,1519858216,76.0,99.0,12.0,3.0
nome,us,67.80731812813428,-162.94108541166486,1519857300,80.0,65.0,40.0,14.0
rong kwang,th,18.536192540003896,100.52011343476818,1519858218,65.0,90.0,68.0,2.0
novoagansk,ru,61.58042442107774,76.69333724738408,1519858219,-33.0,60.0,0.0,3.0
stepnogorsk,kz,52.164748844404414,71.78430881755034,1519858220,3.0,79.0,44.0,11.0
linhares,br,-20.863341232853315,-35.414328462171,1519858220,78.0,74.0,0.0,10.0
alofi,nu,-17.87925520010036,-170.79179428414932,1519858221,83.0,96.0,0.0,8.0
gat,ly,26.877410639211433,7.143206944144538,1519858223,68.0,59.0,0.0,12.0
ntungamo,ug,-0.9313032059453121,29.056979385230704,1519858223,60.0,90.0,44.0,2.0
smithers,ca,58.219442415437214,-127.40237159613193,1519855200,30.0,74.0,90.0,2.0
douentza,ml,15.74706527966022,-1.7010099371958631,1519858224,78.0,38.0,48.0,6.0
trani,it,41.56463633933731,16.51426178754795,1519858225,35.0,100.0,92.0,4.0
yeniseysk,ru,58.399371669905236,91.04477216591044,1519858225,-23.0,35.0,0.0,2.0
dunedin,nz,-56.20822589978886,178.26536835787766,1519857995,69.0,87.0,80.0,3.0
nyanguge,tz,-2.555889327859447,33.074759293477825,1519858226,68.0,98.0,44.0,10.0
wahiawa,us,23.724495604518026,-157.32005564959678,1519855500,82.0,69.0,75.0,5.0
mafeteng,ls,-30.13596671584525,27.403149461177833,1519858227,63.0,68.0,92.0,2.0
northam,au,-28.425475050544826,118.88989614826346,1519856400,23.0,73.0,20.0,21.0
mayskiy,ru,48.082608967384346,139.51870736657952,1519855200,33.0,99.0,90.0,8.0
fort nelson,ca,60.88158768482424,-121.92475215895067,1519855200,24.0,58.0,75.0,13.0
morgan city,us,26.32757938032627,-92.63758568176857,1519856520,78.0,74.0,20.0,11.0
samarai,pg,-15.275942660618469,151.13521204612482,1519858230,82.0,100.0,68.0,3.0
kawalu,id,-8.9295775627576,108.23792000789666,1519857958,66.0,91.0,12.0,2.0
mikropolis,gr,41.352241374859574,23.68615088742638,1519858231,3.0,59.0,0.0,1.0
toora-khem,ru,52.56416643039512,96.43516915904212,1519858231,-3.0,76.0,44.0,1.0
marau,br,-13.94807802983506,-38.616550298185615,1519858232,65.0,99.0,92.0,5.0
padang,id,-7.378496218169204,93.69788220970776,1519857956,80.0,100.0,76.0,0.0
cockburn town,tc,25.207309268546155,-69.5324034315638,1519858233,74.0,100.0,0.0,12.0
urusha,ru,55.18187763826808,122.90678871523806,1519858233,0.0,72.0,48.0,4.0
panzhihua,cn,26.568484133226363,101.39704732831501,1519858234,44.0,62.0,0.0,2.0
roald,no,71.16186977956033,0.9755711985129949,1519856400,21.0,53.0,20.0,16.0
bubaque,gw,6.062244321027933,-22.819353886746768,1519858235,78.0,94.0,0.0,12.0
kabanjahe,id,2.6798386443266082,98.75882754721823,1519858236,65.0,100.0,56.0,0.0
altar,mx,30.802691119841725,-111.65646822556839,1519858236,54.0,56.0,0.0,5.0
zinder,ne,14.14663619313336,9.14277842195338,1519858237,67.0,59.0,0.0,3.0
lecce,it,40.47456891213369,18.20232259695149,1519858170,35.0,100.0,56.0,4.0
davila,ph,19.3341539792073,118.04970604389712,1519858238,80.0,89.0,0.0,11.0
klyuchi,ru,57.578785402234956,161.10906306760552,1519858238,12.0,84.0,64.0,13.0
pokhara,np,30.36756761193739,84.34263931379007,1519858239,48.0,66.0,0.0,3.0
belem,br,-1.5943193677433953,-48.301099355614895,1519858240,78.0,87.0,0.0,2.0
comodoro rivadavia,ar,-46.35732425758274,-68.19777326399353,1519855200,80.0,32.0,0.0,24.0
hami,cn,41.09078589402651,91.9088021180035,1519858240,27.0,78.0,32.0,6.0
sisimiut,gl,67.59178142167497,-53.90029311526038,1519858241,1.0,59.0,36.0,3.0
san rafael,ar,-36.62274086217899,-69.22108519881908,1519858242,71.0,55.0,20.0,7.0
son la,vn,21.177137955687115,103.85977678678097,1519858243,53.0,94.0,0.0,1.0
airai,pw,18.93561938004534,145.87942705049915,1519858244,73.0,92.0,76.0,1.0
tromso,no,72.9492304338296,19.12052318312493,1519856400,32.0,99.0,75.0,23.0
shubarshi,kz,48.57804150997583,57.05082751023974,1519858245,5.0,73.0,8.0,10.0
barcarena,br,-1.2814625778512152,-48.86851711838199,1519858247,78.0,90.0,92.0,4.0
santa rosa,ar,-36.615342775895215,-66.41395166235439,1519855500,84.0,35.0,75.0,6.0
pachino,it,35.60502560639729,16.18832096724958,1519858252,58.0,98.0,12.0,13.0
hauterive,ca,52.25468336595827,-69.71486685428111,1519857000,39.0,60.0,90.0,5.0
plock,pl,52.51925054679717,19.44243593322139,1519858253,7.0,69.0,64.0,8.0
houma,us,27.03786050579265,-90.09473538600487,1519858254,38.0,67.0,92.0,1.0
otanche,co,5.645650733646605,-74.31838652714056,1519858254,72.0,69.0,24.0,2.0
laguna,br,-37.407185085401665,-36.82518245916398,1519854060,68.0,37.0,40.0,10.0
arzgir,ru,45.23556767217781,44.40709882335602,1519858255,31.0,99.0,92.0,19.0
bilma,ne,21.064760121926923,10.970147136648762,1519858256,63.0,24.0,0.0,9.0
casper,us,43.22943613517063,-106.31133110242003,1519854780,33.0,50.0,1.0,8.0
thinadhoo,mv,1.1567246403876936,72.33143175460759,1519858256,81.0,100.0,32.0,9.0
sulangan,ph,11.723390745705032,130.71247457431053,1519858257,81.0,100.0,48.0,11.0
monte patria,cl,-30.79421674870259,-69.87353219713503,1519858257,54.0,90.0,12.0,1.0
inhambane,mz,-24.52060559195445,35.54871425253535,1519858258,75.0,99.0,76.0,7.0
ambon,id,-6.172802666036517,128.07993970642468,1519858258,31.0,86.0,92.0,21.0
mitsamiouli,km,-8.876584039896883,44.903615082345254,1519855200,77.0,83.0,20.0,3.0
khatassy,ru,61.69825970037326,129.7982017991987,1519857000,-31.0,66.0,0.0,4.0
mongo,td,11.802457518215277,18.777467231218253,1519858261,72.0,95.0,32.0,2.0
masvingo,zw,-20.80243080765308,30.68489145691086,1519858261,66.0,98.0,92.0,9.0
maceio,br,-16.52650623300974,-27.836612287500117,1519857973,77.0,87.0,92.0,9.0
hearst,ca,49.82597667390709,-83.47880641641484,1519858263,19.0,75.0,20.0,5.0
hamcearca,ro,45.06241448052765,28.370732043823352,1519858263,15.0,99.0,68.0,18.0
alihe,cn,50.21181575336047,124.20680109090739,1519858264,3.0,76.0,48.0,2.0
lavrentiya,ru,72.85190347404887,-172.82450016023253,1519858264,22.0,100.0,92.0,25.0
yendi,gh,9.504645631049996,0.24428555561502208,1519858265,82.0,56.0,0.0,8.0
goderich,sl,6.224906828420217,-17.29776826034336,1519858266,36.0,94.0,0.0,8.0
kilcoole,ie,53.0860353680296,-5.86736140311578,1519857000,26.0,92.0,75.0,23.0
atchison,us,39.57121939142584,-95.10210419047813,1519857720,60.0,87.0,90.0,14.0
mindelo,cv,16.09803456724731,-26.64898546516727,1519858267,54.0,99.0,92.0,27.0
eyl,so,6.963645035750105,51.20852734361583,1519858268,71.0,100.0,44.0,7.0
doha,qa,24.903471317743126,51.648339348216126,1519855200,69.0,83.0,0.0,11.0
umm lajj,sa,24.755422115232477,39.11103809382158,1519858269,60.0,100.0,0.0,7.0
laishevo,ru,55.473507149235104,49.598381553548336,1519857000,-5.0,83.0,0.0,6.0
nemuro,jp,39.068310489721796,149.936238505819,1519858045,34.0,94.0,68.0,18.0
hobyo,so,1.60510607911921,50.5615960903356,1519858270,77.0,84.0,92.0,10.0
the valley,ai,24.211607478615463,-59.66158289690402,1519855200,78.0,61.0,20.0,6.0
namatanai,pg,-3.0451575595196516,153.77373383761926,1519858271,83.0,98.0,12.0,8.0
mayor pablo lagerenza,py,-19.771115867938704,-61.40446295749905,1519858271,75.0,94.0,44.0,4.0
botshabelo,za,-29.274088738105476,26.64770290153936,1519858272,60.0,73.0,68.0,2.0
kaupanger,no,61.35549610374207,6.998977450136863,1519858273,-9.0,100.0,0.0,1.0
sobolevo,ru,53.978173490187885,156.59049602059105,1519858273,0.0,73.0,48.0,15.0
kenai,us,64.83384174607608,-153.3609775318635,1519854960,21.0,48.0,1.0,16.0
shitanjing,cn,41.77686067979914,104.12799856424994,1519858274,18.0,52.0,44.0,2.0
corner brook,ca,48.87486697793139,-57.83652558799045,1519855200,32.0,96.0,90.0,9.0
gangawati,in,15.347205337408496,76.47833650020874,1519858275,65.0,49.0,0.0,8.0
krasnyy chikoy,ru,50.65851124937436,108.71976741649945,1519858275,-18.0,47.0,8.0,2.0
turayf,sa,32.391309051000405,40.134331805627,1519855200,48.0,87.0,0.0,2.0
gillette,us,43.70184135169379,-105.55241436937303,1519854780,33.0,50.0,1.0,6.0
wilmington,us,32.769873362482286,-76.47120687794983,1519855080,62.0,47.0,1.0,6.0
lima,pe,-15.942399414400654,-84.01765641666157,1519858116,63.0,70.0,36.0,1.0
pisco,pe,-24.170797995017878,-98.22556375477295,1519855200,78.0,65.0,0.0,23.0
ordubad,az,38.93461642261792,45.873959866564064,1519857000,42.0,81.0,20.0,6.0
vestmanna,fo,64.47539563200601,-7.381470096932503,1519856400,30.0,80.0,44.0,12.0
slavsk,ru,54.877567765602635,21.51795705704754,1519858279,2.0,78.0,64.0,10.0
mutoko,zw,-17.125894507521892,32.26102025899371,1519858255,64.0,99.0,20.0,3.0
kitimat,ca,52.58402650324251,-127.89226605880378,1519855200,33.0,69.0,90.0,19.0
husavik,is,74.45275096428523,-9.146914864531027,1519858280,25.0,83.0,0.0,5.0
san jeronimo,mx,10.054899193226262,-104.27075931947022,1519858280,47.0,92.0,92.0,1.0
hit,iq,31.19977683899569,42.4410124452381,1519858281,45.0,85.0,0.0,2.0
constitucion,mx,15.101245734374913,-125.66784262621752,1519854060,77.0,12.0,20.0,21.0
valparaiso,cl,-31.59403713252508,-77.4013900640965,1519856400,57.0,86.0,90.0,10.0
beinamar,td,8.094730188041197,15.14324464826629,1519858283,77.0,55.0,36.0,4.0
moree,au,-29.437041572443093,148.18472633737304,1519858284,88.0,55.0,48.0,4.0
verkhoyansk,ru,67.11319990778776,132.26395942396766,1519858284,-17.0,74.0,56.0,4.0
santo domingo,ni,12.44893334989483,-84.74892982428621,1519855200,80.0,78.0,40.0,11.0
hualmay,pe,-18.90110048473555,-93.60266197685475,1519858286,70.0,70.0,8.0,4.0
batsfjord,no,73.4069525907899,30.875677604031154,1519854600,32.0,100.0,75.0,11.0
kirkland lake,ca,48.13143583752404,-80.5006774052919,1519857000,32.0,82.0,90.0,5.0
stropkov,sk,49.07167454596885,21.704867628575016,1519858288,1.0,89.0,8.0,4.0
kazachinskoye,ru,56.70244775736296,108.49068251953008,1519858288,-23.0,34.0,0.0,2.0
los barrios,es,36.33432277691752,-5.5082620655983305,1519858289,60.0,92.0,48.0,20.0
homer,us,58.87228488332812,-151.09336787882654,1519854780,24.0,41.0,1.0,10.0
nyagan,ru,62.14258703394964,65.28186682872504,1519858291,-3.0,88.0,76.0,8.0
auki,sb,-4.491878553182488,165.02914682918106,1519858291,68.0,29.0,0.0,7.0
sebinkarahisar,tr,39.88674859061004,38.61911882846181,1519858292,35.0,93.0,92.0,4.0
wagar,sd,17.140633827253282,36.269508671856585,1519858292,76.0,55.0,12.0,8.0
luangwa,zm,-16.018873091856207,30.398282790698488,1519858293,69.0,100.0,92.0,2.0
fez,ma,33.085765598570475,-4.228354568383423,1519858293,54.0,77.0,0.0,6.0
along,in,29.388355381288974,93.45658841589716,1519858294,51.0,85.0,0.0,2.0
parczew,pl,51.56256328340061,22.81907689152405,1519858294,4.0,79.0,48.0,5.0
ziro,in,28.188177659170634,93.01584949658809,1519858295,48.0,92.0,44.0,1.0
san cristobal,ec,-8.067758664499706,-89.7727054371257,1519855200,57.0,82.0,90.0,4.0
xai-xai,mz,-25.525493589240256,34.19312789726979,1519858296,73.0,100.0,36.0,7.0
bhuj,in,23.613718641656448,69.85068032243004,1519858297,65.0,57.0,76.0,4.0
charters towers,au,-20.53612754275578,144.00764391219622,1519858298,71.0,100.0,92.0,9.0
guaruja,br,-25.109316670222483,-45.81148366233214,1519858001,76.0,100.0,44.0,7.0
gushikawa,jp,24.857758936087635,130.56834064192861,1519858299,65.0,100.0,0.0,14.0
mayo,ca,65.99868351524853,-138.1736405209413,1519855200,10.0,43.0,75.0,7.0
slawno,pl,54.28716916490444,16.83731725152188,1519857000,10.0,66.0,0.0,8.0
manggar,id,-4.343047604777453,107.58085638136305,1519858301,77.0,99.0,0.0,3.0
kidal,ml,18.591747922986002,1.543020751255881,1519858301,69.0,34.0,0.0,5.0
alta floresta,br,-10.789930452202228,-57.10125961362449,1519858302,80.0,83.0,8.0,2.0
hohhot,cn,42.14485095697199,110.72210356244597,1519855200,5.0,54.0,0.0,4.0
lata,sb,-9.59603982308468,169.1750723509437,1519858303,41.0,71.0,48.0,2.0
maningrida,au,-9.980088791064233,133.96580020947636,1519858304,86.0,81.0,20.0,8.0
benevento,it,41.22528852936384,14.659408419154687,1519858304,20.0,87.0,92.0,1.0
codajas,br,-3.8996738749980864,-62.001277032481866,1519858305,81.0,83.0,8.0,3.0
ranong,th,11.017064514143954,96.45563699749994,1519858305,79.0,100.0,0.0,5.0
laiyang,cn,36.5236626187197,121.06357443938981,1519858306,29.0,61.0,8.0,14.0
launceston,au,-41.15247921122216,151.75370471435917,1519858307,64.0,75.0,0.0,3.0
kushima,jp,27.579923942906007,135.25735609451561,1519855200,53.0,66.0,20.0,32.0
oistins,bb,11.395549216371336,-54.71305612975624,1519855200,77.0,78.0,20.0,12.0
sao luis do quitunde,br,-9.33531205950824,-35.59436700407974,1519858308,80.0,100.0,48.0,13.0
billings,us,45.325003252610315,-108.13650922009691,1519854780,35.0,47.0,20.0,14.0
yar-sale,ru,69.244758554213,72.1154862608121,1519858310,10.0,85.0,92.0,31.0
sayan,pe,-11.271023028807079,-77.18680672442825,1519858310,68.0,100.0,68.0,2.0
salisbury,us,37.411924956808406,-74.52543727620007,1519856820,24.0,68.0,40.0,10.0
fukue,jp,32.86083358755353,128.92068527399078,1519857180,55.0,71.0,75.0,29.0
karaton,kz,46.034113933333316,52.647226242923125,1519858311,70.0,92.0,20.0,3.0
mehamn,no,75.82962973894749,27.168327647850532,1519854600,32.0,86.0,90.0,6.0
waddan,ly,27.050574661274823,16.822410700561903,1519858312,46.0,87.0,0.0,2.0
snezhnogorsk,ru,68.22890734964116,87.6428086331805,1519857000,23.0,92.0,75.0,6.0
caucaia,br,-1.191924974395505,-36.758391750592125,1519858313,80.0,100.0,80.0,8.0
sao jose da coroa grande,br,-10.02410312371967,-31.72340332567248,1519858314,77.0,96.0,88.0,7.0
hov,no,60.582647234102694,10.275183941491889,1519856400,14.0,85.0,90.0,9.0
okahandja,na,-22.134639584024725,16.786525609747542,1519855200,69.0,37.0,12.0,3.0
fuerte olimpo,py,-20.599125081353193,-58.85295571879172,1519858315,83.0,70.0,8.0,6.0
malartic,ca,47.2764388662726,-77.86313047314523,1519855200,32.0,91.0,75.0,5.0
pochutla,mx,11.685009016361548,-97.1210736453338,1519858316,80.0,96.0,0.0,9.0
morehead,pg,-9.796906785283724,140.96347309943576,1519854780,55.0,76.0,90.0,5.0
high level,ca,59.808879063456146,-118.98966371782245,1519855200,26.0,49.0,40.0,6.0
paamiut,gl,60.855932876883344,-52.95470364415641,1519858319,35.0,79.0,92.0,36.0
thessalon,ca,46.87475266337799,-83.6469136704223,1519857300,33.0,80.0,1.0,6.0
rocha,uy,-50.105003924420416,-40.30566442061854,1519858320,67.0,69.0,24.0,9.0
tigil,ru,58.14059153186426,159.07664184294583,1519858320,18.0,86.0,88.0,16.0
nuuk,gl,64.87645746719477,-51.73607553958436,1519854600,26.0,58.0,75.0,1.0
jacqueville,ci,2.5022732328990287,-4.169374253918221,1519858321,77.0,94.0,12.0,6.0
karpogory,ru,63.666373445523504,43.728361515047766,1519858322,12.0,79.0,76.0,7.0
rio gallegos,ar,-50.55682544317094,-63.69443303519107,1519855200,69.0,21.0,40.0,27.0
saint-francois,gp,17.45075208347788,-59.04581303535609,1519857000,32.0,82.0,0.0,10.0
tondano,id,0.7911456785183901,125.2581994775972,1519858323,77.0,85.0,32.0,0.0
shinpokh,pk,34.5948976083568,71.32751461902771,1519855200,66.0,45.0,75.0,4.0
mudgee,au,-32.573360478532166,150.02162721723482,1519858324,73.0,80.0,12.0,4.0
kloulklubed,pw,6.356744611858062,131.56537031064073,1519854600,80.0,83.0,75.0,5.0
qazigund,in,33.64641865536288,75.45636022515032,1519858326,32.0,76.0,80.0,1.0
vanavara,ru,63.15371018706938,103.79238405409143,1519858326,-21.0,60.0,24.0,2.0
qiongshan,cn,20.124998133469333,111.06169984696254,1519855200,69.0,94.0,75.0,4.0
arinos,br,-15.977240528273612,-45.881218228616206,1519858327,75.0,58.0,0.0,5.0
marzuq,ly,23.19166815887621,12.740031559015648,1519858328,50.0,90.0,0.0,2.0
candido de abreu,br,-24.383301000203588,-51.22488695294342,1519858328,73.0,85.0,76.0,2.0
honningsvag,no,82.56743800185635,26.53164189281358,1519854600,32.0,100.0,75.0,6.0
bali chak,in,22.38355985461402,87.6803539332862,1519858330,68.0,97.0,0.0,5.0
cururupu,br,0.9210690421806333,-43.28595018529575,1519858330,77.0,93.0,44.0,3.0
tubuala,pa,10.981168331204586,-79.14998275946905,1519855200,87.0,45.0,40.0,10.0
puerto maldonado,pe,-12.17405102351907,-67.87736887352871,1519855200,82.0,83.0,75.0,4.0
bhikhi,in,30.121562465337917,75.47286237454963,1519858332,62.0,76.0,88.0,2.0
zyryanka,ru,64.21729491805525,150.70239431589914,1519858333,-7.0,76.0,36.0,2.0
donskoye,ru,55.63505155843433,19.95355696253654,1519857000,33.0,94.0,90.0,22.0
galesong,id,-6.664832985976943,118.79852762365562,1519858334,81.0,96.0,24.0,4.0
tabou,ci,-0.20126526793814037,-4.954902039756888,1519858064,82.0,95.0,20.0,6.0
taihe,cn,30.687976068549986,105.17579978059365,1519858335,54.0,90.0,56.0,2.0
salcininkai,lt,54.37718350124646,25.996376829105884,1519856400,5.0,77.0,88.0,12.0
grand gaube,mu,-14.930348875325251,60.59578010430408,1519858336,80.0,100.0,36.0,17.0
kailua,us,21.34846464793533,-157.3722134735961,1519855500,82.0,73.0,90.0,14.0
port-cartier,ca,51.50865747397094,-67.78771634243498,1519855200,17.0,72.0,75.0,18.0
belem de sao francisco,br,-8.72139325885746,-38.930363943114315,1519858339,85.0,41.0,92.0,10.0
inuvik,ca,68.93623060816523,-133.89368519595072,1519855200,-7.0,63.0,75.0,11.0
takoradi,gh,3.6772455927363694,-1.9466700728750936,1519858340,80.0,99.0,44.0,8.0
valleyview,ca,54.91727061332199,-117.98651452776912,1519858141,28.0,83.0,8.0,3.0
lamu,ke,-3.414284249180838,42.145737847746176,1519858341,76.0,98.0,24.0,2.0
maua,ke,0.44705900967225887,38.2693549332555,1519858341,60.0,89.0,76.0,1.0
aswan,eg,22.156106794235242,32.10952583167264,1519858342,52.0,69.0,0.0,4.0
mackay,au,-19.04400868332462,151.79130800224982,1519855200,35.0,31.0,75.0,5.0
lundin links,gb,56.217771914158476,-2.9291189811688128,1519856400,24.0,92.0,75.0,18.0
tisovec,sk,48.7340968296929,19.9478860348801,1519858343,6.0,68.0,56.0,0.0
sibu,my,3.0220525553823734,111.59422151813004,1519858344,77.0,96.0,20.0,3.0
necochea,ar,-45.08580299297573,-57.44789727147656,1519858093,71.0,63.0,0.0,12.0
vicosa do ceara,br,-3.4284750160698394,-41.19032639389937,1519858345,74.0,95.0,80.0,2.0
puksoozero,ru,63.08323974898755,41.42290282050263,1519858345,0.0,65.0,0.0,10.0
mujiayingzi,cn,42.48588708349865,118.28504381693972,1519858346,10.0,42.0,0.0,14.0
haverfordwest,gb,51.18294963625448,-5.018565307557537,1519854600,23.0,57.0,48.0,14.0
valente,br,-11.429548949866117,-39.37429831968811,1519858347,80.0,61.0,92.0,10.0
buraydah,sa,27.276179347497163,45.72652973380161,1519855200,64.0,100.0,5.0,10.0
aloleng,ph,15.423116888990293,116.25301111401848,1519858349,78.0,95.0,0.0,6.0
sarakhs,ir,35.90376018329951,62.0460272757353,1519855200,51.0,93.0,92.0,4.0
kiruna,se,67.62016568352342,21.11117936918879,1519856400,17.0,85.0,56.0,4.0
nouakchott,mr,19.039544224993918,-14.766837548379698,1519858350,64.0,98.0,0.0,14.0
huarmey,pe,-16.652552437859214,-92.39057925429864,1519858351,70.0,60.0,20.0,2.0
moron,cu,23.201438622531526,-78.15225171433465,1519855200,82.0,58.0,40.0,5.0
san andres,co,14.41146761305572,-78.99909514873995,1519858317,80.0,100.0,48.0,8.0
evensk,ru,63.855064215687236,161.386309072244,1519858352,14.0,100.0,76.0,21.0
